Workbook

Sheet Sheet1
A1: 姓名 | B1: 學校 | C1: 類組 | D1: 模考1_國文 | E1: 模考1_英文 | F1: 模考1_數學 | G1: 模考1_自然 | H1: 模考1_社會 | I1: 模考2_國文 | J1: 模考2_英文 | K1: 模考2_數A | L1: 模考2_數B | M1: 模考2_自然 | N1: 模考2_社會 | O1: 學測_國文 | P1: 學測_英文 | Q1: 學測_數A | R1: 學測_數B | S1: 學測_自然 | T1: 學測_社會
A2: 楊博凱 | B2: 陽明高中 | C2: 文組 | D2: {=_xlfn.XLOOKUP(A2,'[1]第一次落點分析 '!$B:$B,'[1]第一次落點分析 '!$C:$G,"")} -> 10 | E2: 6 | F2: 6 | G2: － | H2: 10 | I2: {=_xlfn.XLOOKUP(A2,[1]第二次落點分析!$B:$B,[1]第二次落點分析!$C:$H,"")} -> 11 | J2: 10 | K2: 7 | L2: 9 | M2: － | N2: 13 | O2: {=_xlfn.XLOOKUP(A2,'[1]113學測'!$B:$B,'[1]113學測'!$C:$H,"")} -> 11 | P2: 7 | Q2: 6 | R2: 9 | S2: 0 | T2: 14
A3: 郭力綸 | B3: 成淵高中 | C3: 理組 | D3: {=_xlfn.XLOOKUP(A3,'[1]第一次落點分析 '!$B:$B,'[1]第一次落點分析 '!$C:$G,"")} -> 10 | E3: 10 | F3: 13 | G3: 15 | H3: － | I3: {=_xlfn.XLOOKUP(A3,[1]第二次落點分析!$B:$B,[1]第二次落點分析!$C:$H,"")} -> 9 | J3: 13 | K3: 14 | L3: － | M3: 13 | N3: － | O3: {=_xlfn.XLOOKUP(A3,'[1]113學測'!$B:$B,'[1]113學測'!$C:$H,"")} -> 11 | P3: 11 | Q3: 13 | R3: 0 | S3: 14 | T3: 0
A4: 王宥惟 | B4: 成淵高中 | C4: 理組 | D4: {=_xlfn.XLOOKUP(A4,'[1]第一次落點分析 '!$B:$B,'[1]第一次落點分析 '!$C:$G,"")} -> 11 | E4: 5 | F4: 10 | G4: － | H4: 13 | I4: {=_xlfn.XLOOKUP(A4,[1]第二次落點分析!$B:$B,[1]第二次落點分析!$C:$H,"")} -> 12 | J4: 7 | K4: 9 | L4: 12 | M4: － | N4: 14 | O4: {=_xlfn.XLOOKUP(A4,'[1]113學測'!$B:$B,'[1]113學測'!$C:$H,"")} -> 12 | P4: 8 | Q4: 10 | R4: 11 | S4: 0 | T4: 12
A5: 陳柔臻 | B5: 大直高中 | C5: 理組 | D5: {=_xlfn.XLOOKUP(A5,'[1]第一次落點分析 '!$B:$B,'[1]第一次落點分析 '!$C:$G,"")} -> 11 | E5: 5 | F5: 8 | G5: 8 | H5: － | I5: {=_xlfn.XLOOKUP(A5,[1]第二次落點分析!$B:$B,[1]第二次落點分析!$C:$H,"")} -> 12 | J5: 8 | K5: 9 | L5: － | M5: 11 | N5: － | O5: {=_xlfn.XLOOKUP(A5,'[1]113學測'!$B:$B,'[1]113學測'!$C:$H,"")} -> 12 | P5: 9 | Q5: 6 | R5: 7 | S5: 10 | T5: 11
A6: 周睿紘 | B6: 成淵高中 | C6: 理組 | D6: {=_xlfn.XLOOKUP(A6,'[1]第一次落點分析 '!$B:$B,'[1]第一次落點分析 '!$C:$G,"")} -> 9 | E6: 6 | F6: 13 | G6: 9 | H6: － | I6: {=_xlfn.XLOOKUP(A6,[1]第二次落點分析!$B:$B,[1]第二次落點分析!$C:$H,"")} -> 8 | J6: 8 | K6: 9 | L6: － | M6: 9 | N6: － | O6: {=_xlfn.XLOOKUP(A6,'[1]113學測'!$B:$B,'[1]113學測'!$C:$H,"")} -> 11 | P6: 7 | Q6: 11 | R6: 9 | S6: 12 | T6: 0
A7: 林承翰 | B7: 大直高中 | C7: 理組 | D7: {=_xlfn.XLOOKUP(A7,'[1]第一次落點分析 '!$B:$B,'[1]第一次落點分析 '!$C:$G,"")} -> 9 | E7: 14 | F7: 8 | G7: 9 | H7: 12 | I7: {=_xlfn.XLOOKUP(A7,[1]第二次落點分析!$B:$B,[1]第二次落點分析!$C:$H,"")} -> 13 | J7: 14 | K7: 8 | L7: － | M7: 8 | N7: 12 | O7: {=_xlfn.XLOOKUP(A7,'[1]113學測'!$B:$B,'[1]113學測'!$C:$H,"")} -> 13 | P7: 14 | Q7: 6 | R7: 10 | S7: 9 | T7: 11
A8: 鄭芷欣 | B8: 成淵高中 | C8: 理組 | D8: {=_xlfn.XLOOKUP(A8,'[1]第一次落點分析 '!$B:$B,'[1]第一次落點分析 '!$C:$G,"")} -> 12 | E8: 7 | F8: 12 | G8: 11 | H8: － | I8: {=_xlfn.XLOOKUP(A8,[1]第二次落點分析!$B:$B,[1]第二次落點分析!$C:$H,"")} -> 13 | J8: 10 | K8: 10 | L8: － | M8: 11 | N8: － | O8: {=_xlfn.XLOOKUP(A8,'[1]113學測'!$B:$B,'[1]113學測'!$C:$H,"")} -> 13 | P8: 8 | Q8: 9 | R8: 11 | S8: 11 | T8: 10
A9: 朱迎甄 | B9: 百齡高中 | C9: 文組 | D9: {=_xlfn.XLOOKUP(A9,'[1]第一次落點分析 '!$B:$B,'[1]第一次落點分析 '!$C:$G,"")} -> 13 | E9: 9 | F9: 5 | G9: 0 | H9: 11 | I9: {=_xlfn.XLOOKUP(A9,[1]第二次落點分析!$B:$B,[1]第二次落點分析!$C:$H,"")} -> 11 | J9: 10 | K9: 6 | L9: 7 | M9: － | N9: 12 | O9: {=_xlfn.XLOOKUP(A9,'[1]113學測'!$B:$B,'[1]113學測'!$C:$H,"")} -> 11 | P9: 10 | Q9: 6 | R9: 6 | S9: 0 | T9: 13
A10: 龔韋任 | B10: 松山高中 | C10: 理組 | D10: {=_xlfn.XLOOKUP(A10,'[1]第一次落點分析 '!$B:$B,'[1]第一次落點分析 '!$C:$G,"")} -> 13 | E10: 11 | F10: 15 | G10: 14 | H10: 8 | I10: {=_xlfn.XLOOKUP(A10,[1]第二次落點分析!$B:$B,[1]第二次落點分析!$C:$H,"")} -> 13 | J10: 13 | K10: 12 | L10: 13 | M10: 14 | N10: － | O10: {=_xlfn.XLOOKUP(A10,'[1]113學測'!$B:$B,'[1]113學測'!$C:$H,"")} -> 12 | P10: 12 | Q10: 13 | R10: 15 | S10: 15 | T10: 10
A11: 陳香妤 | B11: 內湖高中 | C11: 文組 | D11: {=_xlfn.XLOOKUP(A11,'[1]第一次落點分析 '!$B:$B,'[1]第一次落點分析 '!$C:$G,"")} -> 11 | E11: 12 | F11: 8 | G11: 8 | H11: 13 | I11: {=_xlfn.XLOOKUP(A11,[1]第二次落點分析!$B:$B,[1]第二次落點分析!$C:$H,"")} -> 12 | J11: 14 | K11: 6 | L11: 10 | M11: 7 | N11: 14 | O11: {=_xlfn.XLOOKUP(A11,'[1]113學測'!$B:$B,'[1]113學測'!$C:$H,"")} -> 12 | P11: 13 | Q11: 6 | R11: 8 | S11: 7 | T11: 12
A12: 王勝暉 | B12: 百齡高中 | C12: 理組 | D12: {=_xlfn.XLOOKUP(A12,'[1]第一次落點分析 '!$B:$B,'[1]第一次落點分析 '!$C:$G,"")} -> 11 | E12: 9 | F12: 9 | G12: 11 | H12: － | I12: {=_xlfn.XLOOKUP(A12,[1]第二次落點分析!$B:$B,[1]第二次落點分析!$C:$H,"")} -> 12 | J12: 11 | K12: 14 | L12: 12 | M12: 10 | N12: 8 | O12: {=_xlfn.XLOOKUP(A12,'[1]113學測'!$B:$B,'[1]113學測'!$C:$H,"")} -> 10 | P12: 9 | Q12: 13 | R12: 12 | S12: 12 | T12: 8
A13: 林恩頡 | B13: 中正高中 | C13: 理組 | D13: {=_xlfn.XLOOKUP(A13,'[1]第一次落點分析 '!$B:$B,'[1]第一次落點分析 '!$C:$G,"")} -> 13 | E13: 9 | F13: 11 | G13: 10 | H13: 5 | I13: {=_xlfn.XLOOKUP(A13,[1]第二次落點分析!$B:$B,[1]第二次落點分析!$C:$H,"")} -> 10 | J13: 11 | K13: 10 | L13: － | M13: 8 | N13: － | O13: {=_xlfn.XLOOKUP(A13,'[1]113學測'!$B:$B,'[1]113學測'!$C:$H,"")} -> 10 | P13: 10 | Q13: 12 | R13: 13 | S13: 12 | T13: 10
A14: 陳昱安 | B14: 成淵高中 | C14: 理組 | D14: {=_xlfn.XLOOKUP(A14,'[1]第一次落點分析 '!$B:$B,'[1]第一次落點分析 '!$C:$G,"")} -> 10 | E14: 8 | F14: 11 | G14: 9 | H14: － | I14: {=_xlfn.XLOOKUP(A14,[1]第二次落點分析!$B:$B,[1]第二次落點分析!$C:$H,"")} -> 10 | J14: 9 | K14: 13 | L14: － | M14: 11 | N14: － | O14: {=_xlfn.XLOOKUP(A14,'[1]113學測'!$B:$B,'[1]113學測'!$C:$H,"")} -> 12 | P14: 10 | Q14: 14 | R14: 13 | S14: 13 | T14: 8
A15: 陳渼錞 | B15: 復興高中 | C15: 理組 | D15: {=_xlfn.XLOOKUP(A15,'[1]第一次落點分析 '!$B:$B,'[1]第一次落點分析 '!$C:$G,"")} -> 12 | E15: 8 | F15: 8 | G15: 5 | H15: － | I15: {=_xlfn.XLOOKUP(A15,[1]第二次落點分析!$B:$B,[1]第二次落點分析!$C:$H,"")} -> 11 | J15: 8 | K15: 4 | L15: 9 | M15: 8 | N15: － | O15: {=_xlfn.XLOOKUP(A15,'[1]113學測'!$B:$B,'[1]113學測'!$C:$H,"")} -> 12 | P15: 8 | Q15: 6 | R15: 8 | S15: 9 | T15: 12
A16: 紀承亨 | B16: 復興高中 | C16: 理組 | D16: {=_xlfn.XLOOKUP(A16,'[1]第一次落點分析 '!$B:$B,'[1]第一次落點分析 '!$C:$G,"")} -> 8 | E16: 3 | F16: 6 | G16: 6 | H16: － | I16: {=_xlfn.XLOOKUP(A16,[1]第二次落點分析!$B:$B,[1]第二次落點分析!$C:$H,"")} -> 11 | J16: 3 | K16: 5 | L16: 8 | M16: 7 | N16: － | O16: {=_xlfn.XLOOKUP(A16,'[1]113學測'!$B:$B,'[1]113學測'!$C:$H,"")} -> 8 | P16: 3 | Q16: 6 | R16: 3 | S16: 6 | T16: 11
A17: 莊雯涵 | B17: 陽明高中 | C17: 文組 | D17: {=_xlfn.XLOOKUP(A17,'[1]第一次落點分析 '!$B:$B,'[1]第一次落點分析 '!$C:$G,"")} -> 10 | E17: 3 | F17: 5 | G17: 8 | H17: － | I17: {=_xlfn.XLOOKUP(A17,[1]第二次落點分析!$B:$B,[1]第二次落點分析!$C:$H,"")} -> 10 | J17: 5 | K17: 5 | L17: 10 | M17: 8 | N17: － | O17: {=_xlfn.XLOOKUP(A17,'[1]113學測'!$B:$B,'[1]113學測'!$C:$H,"")} -> 12 | P17: 6 | Q17: 6 | R17: 8 | S17: 8 | T17: 10
A18: 李翊宏 | B18: 泰山高中 | C18: 理組 | D18: {=_xlfn.XLOOKUP(A18,'[1]第一次落點分析 '!$B:$B,'[1]第一次落點分析 '!$C:$G,"")} -> 11 | E18: 5 | F18: 9 | G18: 7 | H18: 7 | I18: {=_xlfn.XLOOKUP(A18,[1]第二次落點分析!$B:$B,[1]第二次落點分析!$C:$H,"")} -> 10 | J18: 7 | K18: 7 | L18: － | M18: 7 | N18: 7 | O18: {=_xlfn.XLOOKUP(A18,'[1]113學測'!$B:$B,'[1]113學測'!$C:$H,"")} -> 7 | P18: 5 | Q18: 7 | R18: 5 | S18: 7 | T18: 6
A19: 張晏裴 | B19: 復興高中 | C19: 文組 | D19: {=_xlfn.XLOOKUP(A19,'[1]第一次落點分析 '!$B:$B,'[1]第一次落點分析 '!$C:$G,"")} -> 8 | E19: 6 | F19: 2 | G19: 0 | H19: 8 | I19: {=_xlfn.XLOOKUP(A19,[1]第二次落點分析!$B:$B,[1]第二次落點分析!$C:$H,"")} -> 11 | J19: 8 | K19: － | L19: 3 | M19: － | N19: 8 | O19: {=_xlfn.XLOOKUP(A19,'[1]113學測'!$B:$B,'[1]113學測'!$C:$H,"")} -> 0 | P19: 0 | Q19: 0 | R19: 0 | S19: 0 | T19: 0
A20: 林宥妘 | B20: 陽明高中 | C20: 文組 | D20: {=_xlfn.XLOOKUP(A20,'[1]第一次落點分析 '!$B:$B,'[1]第一次落點分析 '!$C:$G,"")} | I20: {=_xlfn.XLOOKUP(A20,[1]第二次落點分析!$B:$B,[1]第二次落點分析!$C:$H,"")} -> 11 | J20: 3 | K20: － | L20: 6 | M20: － | N20: － | O20: {=_xlfn.XLOOKUP(A20,'[1]113學測'!$B:$B,'[1]113學測'!$C:$H,"")} -> 8 | P20: 3 | Q20: 0 | R20: 5 | S20: 4 | T20: 10
A21: 李妍萱 | B21: 陽明高中 | C21: 文組 | D21: {=_xlfn.XLOOKUP(A21,'[1]第一次落點分析 '!$B:$B,'[1]第一次落點分析 '!$C:$G,"")} -> 9 | E21: 3 | F21: 4 | G21: 0 | H21: 9 | I21: {=_xlfn.XLOOKUP(A21,[1]第二次落點分析!$B:$B,[1]第二次落點分析!$C:$H,"")} -> 4 | J21: 3 | K21: － | L21: 6 | M21: － | N21: － | O21: {=_xlfn.XLOOKUP(A21,'[1]113學測'!$B:$B,'[1]113學測'!$C:$H,"")} -> 10 | P21: 4 | Q21: 0 | R21: 6 | S21: 6 | T21: 9
A22: 楊景泓 | B22: 陽明高中 | C22: 理組 | D22: {=_xlfn.XLOOKUP(A22,'[1]第一次落點分析 '!$B:$B,'[1]第一次落點分析 '!$C:$G,"")} -> 10 | E22: 6 | F22: 7 | G22: 9 | H22: － | I22: {=_xlfn.XLOOKUP(A22,[1]第二次落點分析!$B:$B,[1]第二次落點分析!$C:$H,"")} -> 10 | J22: 5 | K22: 6 | L22: － | M22: 9 | N22: － | O22: {=_xlfn.XLOOKUP(A22,'[1]113學測'!$B:$B,'[1]113學測'!$C:$H,"")} -> 9 | P22: 5 | Q22: 5 | R22: 5 | S22: 8 | T22: 10
A23: 陳奕安 | B23: 內湖高中 | C23: 文組 | D23: {=_xlfn.XLOOKUP(A23,'[1]第一次落點分析 '!$B:$B,'[1]第一次落點分析 '!$C:$G,"")} -> 11 | E23: 11 | F23: 8 | G23: － | H23: 12 | I23: {=_xlfn.XLOOKUP(A23,[1]第二次落點分析!$B:$B,[1]第二次落點分析!$C:$H,"")} -> 11 | J23: 11 | K23: 7 | L23: 10 | M23: － | N23: 13 | O23: {=_xlfn.XLOOKUP(A23,'[1]113學測'!$B:$B,'[1]113學測'!$C:$H,"")} -> 11 | P23: 9 | Q23: 6 | R23: 7 | S23: 0 | T23: 12
A24: 林祐漢 | B24: 大安高工 | C24: 文組 | D24: {=_xlfn.XLOOKUP(A24,'[1]第一次落點分析 '!$B:$B,'[1]第一次落點分析 '!$C:$G,"")} -> 9 | E24: 4 | F24: 6 | G24: 4 | H24: 8 | I24: {=_xlfn.XLOOKUP(A24,[1]第二次落點分析!$B:$B,[1]第二次落點分析!$C:$H,"")} -> 12 | J24: 5 | K24: 5 | L24: 9 | M24: 7 | N24: 13 | O24: {=_xlfn.XLOOKUP(A24,'[1]113學測'!$B:$B,'[1]113學測'!$C:$H,"")} -> 10 | P24: 4 | Q24: 7 | R24: 8 | S24: 7 | T24: 15
A25: 鄭乃瑗 | B25: 百齡高中 | C25: 文組 | D25: {=_xlfn.XLOOKUP(A25,'[2]第一次落點分析 '!$B:$B,'[2]第一次落點分析 '!$C:$G,"")} -> 13 | E25: 5 | F25: 5 | G25: － | H25: 14 | I25: {=_xlfn.XLOOKUP(A25,[2]第二次落點分析!$B:$B,[2]第二次落點分析!$C:$H,"")} -> 12 | J25: 3 | K25: 2 | L25: 8 | M25: － | N25: 11 | O25: 11 | P25: 4 | Q25: 3 | R25: 6 | S25: X | T25: 12
A26: 周士凱 | B26: 大直高中 | C26: 理組 | D26: {=_xlfn.XLOOKUP(A26,'[2]第一次落點分析 '!$B:$B,'[2]第一次落點分析 '!$C:$G,"")} -> 9 | E26: 9 | F26: 13 | G26: 9 | H26: 0 | I26: {=_xlfn.XLOOKUP(A26,[2]第二次落點分析!$B:$B,[2]第二次落點分析!$C:$H,"")} -> 10 | J26: 9 | K26: 9 | L26: 8 | M26: 8 | N26: 8 | O26: 10 | P26: 9 | Q26: 6 | R26: 12 | S26: 12 | T26: 10
A27: 蔡宗霖 | B27: 中正高中 | C27: 理組 | D27: {=_xlfn.XLOOKUP(A27,'[2]第一次落點分析 '!$B:$B,'[2]第一次落點分析 '!$C:$G,"")} -> 11 | E27: 9 | F27: 11 | G27: 7 | H27: 9 | I27: {=_xlfn.XLOOKUP(A27,[2]第二次落點分析!$B:$B,[2]第二次落點分析!$C:$H,"")} -> 11 | J27: 9 | K27: 10 | L27: 9 | M27: 9 | N27: 8 | O27: 9 | P27: 10 | Q27: 12 | R27: 13 | S27: 11 | T27: 9
A28: 何潔瑜 | B28: 麗山高中 | C28: 理組 | D28: {=_xlfn.XLOOKUP(A28,'[2]第一次落點分析 '!$B:$B,'[2]第一次落點分析 '!$C:$G,"")} -> 11 | E28: 9 | F28: 10 | G28: 10 | H28: 9 | I28: {=_xlfn.XLOOKUP(A28,[2]第二次落點分析!$B:$B,[2]第二次落點分析!$C:$H,"")} -> 12 | J28: 8 | K28: 9 | L28: 4 | M28: 7 | N28: 0 | O28: 11 | P28: 8 | Q28: 8 | R28: 12 | S28: 11 | T28: 10
A29: 沈佑勳 | B29: 中崙高中 | C29: 理組 | D29: {=_xlfn.XLOOKUP(A29,'[2]第一次落點分析 '!$B:$B,'[2]第一次落點分析 '!$C:$G,"")} -> 12 | E29: 12 | F29: 11 | G29: 10 | H29: － | I29: {=_xlfn.XLOOKUP(A29,[2]第二次落點分析!$B:$B,[2]第二次落點分析!$C:$H,"")} -> 12 | J29: 14 | K29: 10 | L29: 11 | M29: 12 | N29: － | O29: 11 | P29: 14 | Q29: 12 | R29: 12 | S29: 13 | T29: 10
A30: 紀慶宥 | B30: 中崙高中 | C30: 理組 | D30: {=_xlfn.XLOOKUP(A30,'[2]第一次落點分析 '!$B:$B,'[2]第一次落點分析 '!$C:$G,"")} -> 9 | E30: 10 | F30: 10 | G30: 10 | H30: 0 | I30: {=_xlfn.XLOOKUP(A30,[2]第二次落點分析!$B:$B,[2]第二次落點分析!$C:$H,"")} -> 9 | J30: 9 | K30: 8 | L30: 0 | M30: 11 | N30: 0 | O30: 12 | P30: 10 | Q30: 6 | R30: 6 | S30: 9 | T30: X
A31: 孟容瑄 | B31: 松山高中 | C31: 理組 | D31: {=_xlfn.XLOOKUP(A31,'[2]第一次落點分析 '!$B:$B,'[2]第一次落點分析 '!$C:$G,"")} -> 15 | E31: 10 | F31: 10 | G31: 12 | H31: 13 | I31: {=_xlfn.XLOOKUP(A31,[2]第二次落點分析!$B:$B,[2]第二次落點分析!$C:$H,"")} -> 12 | J31: 11 | K31: 10 | L31: 7 | M31: 11 | N31: 13 | O31: 13 | P31: 11 | Q31: 9 | R31: 10 | S31: 11 | T31: 12
A32: 顧家綺 | B32: 百齡高中 | C32: 文組 | D32: {=_xlfn.XLOOKUP(A32,'[2]第一次落點分析 '!$B:$B,'[2]第一次落點分析 '!$C:$G,"")} -> 10 | E32: 4 | F32: 9 | G32: 9 | H32: 10 | I32: {=_xlfn.XLOOKUP(A32,[2]第二次落點分析!$B:$B,[2]第二次落點分析!$C:$H,"")} -> 10 | J32: 5 | K32: 6 | L32: 0 | M32: 6 | N32: 8 | O32: 7 | P32: 5 | Q32: 3 | R32: 5 | S32: 8 | T32: 11
A33: 張秦瑜 | B33: 竹圍高中 | C33: 理組 | D33: {=_xlfn.XLOOKUP(A33,'[2]第一次落點分析 '!$B:$B,'[2]第一次落點分析 '!$C:$G,"")} -> 9 | E33: 6 | F33: 8 | G33: 8 | H33: 0 | I33: {=_xlfn.XLOOKUP(A33,[2]第二次落點分析!$B:$B,[2]第二次落點分析!$C:$H,"")} -> 8 | J33: 7 | K33: 10 | L33: 10 | M33: 10 | N33: 0 | O33: 8 | P33: 5 | Q33: 6 | R33: X | S33: 8 | T33: X
A34: 楊竣名 | B34: 百齡高中 | C34: 理組 | D34: {=_xlfn.XLOOKUP(A34,'[2]第一次落點分析 '!$B:$B,'[2]第一次落點分析 '!$C:$G,"")} -> 11 | E34: 8 | F34: 8 | G34: 6 | H34: 0 | I34: {=_xlfn.XLOOKUP(A34,[2]第二次落點分析!$B:$B,[2]第二次落點分析!$C:$H,"")} -> 12 | J34: 7 | K34: 9 | L34: 0 | M34: 9 | N34: 0 | O34: 11 | P34: 10 | Q34: 11 | R34: 13 | S34: 10 | T34: 12
A35: 陳宥楠 | B35: 百齡高中 | C35: 理組 | D35: {=_xlfn.XLOOKUP(A35,'[2]第一次落點分析 '!$B:$B,'[2]第一次落點分析 '!$C:$G,"")} -> 11 | E35: 7 | F35: 10 | G35: 8 | H35: 9 | I35: {=_xlfn.XLOOKUP(A35,[2]第二次落點分析!$B:$B,[2]第二次落點分析!$C:$H,"")} -> 10 | J35: 5 | K35: 10 | L35: 7 | M35: 10 | N35: 0 | O35: 10 | P35: 5 | Q35: 11 | R35: 9 | S35: 14 | T35: 8
A36: 何宜頡 | B36: 陽明高中 | C36: 文組 | D36: {=_xlfn.XLOOKUP(A36,'[2]第一次落點分析 '!$B:$B,'[2]第一次落點分析 '!$C:$G,"")} -> 13 | E36: 9 | F36: 7 | G36: 0 | H36: 12 | I36: {=_xlfn.XLOOKUP(A36,[2]第二次落點分析!$B:$B,[2]第二次落點分析!$C:$H,"")} -> 11 | J36: 11 | K36: 4 | L36: 7 | M36: 0 | N36: 12 | O36: 10 | P36: 9 | Q36: 6 | R36: 6 | S36: X | T36: 13
A37: 陳思妤 | B37: 大同高中 | C37: 理組 | D37: {=_xlfn.XLOOKUP(A37,'[2]第一次落點分析 '!$B:$B,'[2]第一次落點分析 '!$C:$G,"")} -> 13 | E37: 14 | F37: 14 | G37: 8 | H37: － | I37: {=_xlfn.XLOOKUP(A37,[2]第二次落點分析!$B:$B,[2]第二次落點分析!$C:$H,"")} -> 11 | J37: 14 | K37: 10 | L37: 9 | M37: 8 | N37: － | O37: 12 | P37: 15 | Q37: 8 | R37: 11 | S37: 11 | T37: 14
A38: 何旻臻 | B38: 成淵高中 | C38: 理組 | D38: {=_xlfn.XLOOKUP(A38,'[2]第一次落點分析 '!$B:$B,'[2]第一次落點分析 '!$C:$G,"")} -> 13 | E38: 8 | F38: 10 | G38: 11 | H38: － | I38: {=_xlfn.XLOOKUP(A38,[2]第二次落點分析!$B:$B,[2]第二次落點分析!$C:$H,"")} -> 9 | J38: 8 | K38: 5 | L38: 7 | M38: 10 | N38: 13 | O38: 13 | P38: 8 | Q38: 8 | R38: 11 | S38: 12 | T38: 14
A39: 侯育臻 | B39: 百齡高中 | C39: 理組 | D39: {=_xlfn.XLOOKUP(A39,'[2]第一次落點分析 '!$B:$B,'[2]第一次落點分析 '!$C:$G,"")} -> 8 | E39: 10 | F39: 5 | G39: 7 | H39: 9 | I39: {=_xlfn.XLOOKUP(A39,[2]第二次落點分析!$B:$B,[2]第二次落點分析!$C:$H,"")} -> 8 | J39: 8 | K39: 4 | L39: 4 | M39: 6 | N39: 8
A40: 黃毓庭 | B40: 景美女中 | C40: 理組 | D40: {=_xlfn.XLOOKUP(A40,'[2]第一次落點分析 '!$B:$B,'[2]第一次落點分析 '!$C:$G,"")} -> 5 | E40: 12 | F40: 9 | G40: 9 | H40: 9 | I40: {=_xlfn.XLOOKUP(A40,[2]第二次落點分析!$B:$B,[2]第二次落點分析!$C:$H,"")} -> 12 | J40: 8 | K40: 4 | L40: 5 | M40: 7 | N40: 11 | O40: 12 | P40: 9 | Q40: 6 | R40: 9 | S40: 8 | T40: 11
A41: 陳宗佑 | B41: 復興高中 | C41: 理組 | D41: {=_xlfn.XLOOKUP(A41,'[3]第一次落點分析 '!$B:$B,'[3]第一次落點分析 '!$C:$G,"")} -> 9 | E41: 8 | F41: 2 | G41: 6 | H41: 7 | I41: {=_xlfn.XLOOKUP(A41,[3]第二次落點分析!$B:$B,[3]第二次落點分析!$C:$H,"")} -> 10 | J41: 5 | K41: 5 | L41: 4 | M41: 6 | N41: 6 | O41: 8 | P41: 8 | Q41: 2 | R41: 5 | S41: 8 | T41: 7
A42: 郭星妤 | B42: 復興高中 | C42: 理組 | D42: {=_xlfn.XLOOKUP(A42,'[3]第一次落點分析 '!$B:$B,'[3]第一次落點分析 '!$C:$G,"")} -> 9 | E42: 3 | F42: 8 | G42: 7 | H42: 0 | I42: {=_xlfn.XLOOKUP(A42,[3]第二次落點分析!$B:$B,[3]第二次落點分析!$C:$H,"")} -> 5 | J42: 5 | K42: 6 | L42: 7 | M42: 7 | N42: 0 | O42: 8 | P42: 4 | Q42: 7 | R42: 8 | S42: 7 | T42: 9
A43: 施宥辰 | B43: 麗山高中 | C43: 理組 | D43: {=_xlfn.XLOOKUP(A43,'[3]第一次落點分析 '!$B:$B,'[3]第一次落點分析 '!$C:$G,"")} -> 9 | E43: 12 | F43: 11 | G43: 12 | H43: 0 | I43: {=_xlfn.XLOOKUP(A43,[3]第二次落點分析!$B:$B,[3]第二次落點分析!$C:$H,"")} -> 11 | J43: 10 | K43: 10 | L43: 0 | M43: 10 | N43: 9 | O43: 9 | P43: 13 | Q43: 11 | T43: 14
A44: 周筱瑜 | B44: 明倫高中 | C44: 理組 | D44: {=_xlfn.XLOOKUP(A44,'[3]第一次落點分析 '!$B:$B,'[3]第一次落點分析 '!$C:$G,"")} -> 12 | E44: 13 | F44: 9 | G44: 12 | H44: 0 | I44: {=_xlfn.XLOOKUP(A44,[3]第二次落點分析!$B:$B,[3]第二次落點分析!$C:$H,"")} -> 12 | J44: 13 | K44: 8 | L44: 15 | M44: 12 | N44: 0 | O44: 12 | P44: 14 | Q44: 11 | R44: 11 | S44: 10 | T44: 13
A45: 蔡宇恩 | B45: 師大附中 | C45: 理組 | D45: {=_xlfn.XLOOKUP(A45,'[3]第一次落點分析 '!$B:$B,'[3]第一次落點分析 '!$C:$G,"")} -> 11 | E45: 9 | F45: 14 | G45: 12 | H45: 10 | I45: {=_xlfn.XLOOKUP(A45,[3]第二次落點分析!$B:$B,[3]第二次落點分析!$C:$H,"")} -> 12 | J45: 9 | K45: 10 | L45: 0 | M45: 12 | N45: 11 | O45: 12 | P45: 7 | Q45: 13 | R45: 12 | S45: 12 | T45: 12
A46: 傅聖皓 | B46: 中正高中 | C46: 理組 | D46: {=_xlfn.XLOOKUP(A46,'[3]第一次落點分析 '!$B:$B,'[3]第一次落點分析 '!$C:$G,"")} -> 10 | E46: 8 | F46: 6 | G46: 7 | H46: 7 | I46: {=_xlfn.XLOOKUP(A46,[3]第二次落點分析!$B:$B,[3]第二次落點分析!$C:$H,"")} -> 10 | J46: 8 | K46: 6 | L46: 9 | M46: 9 | N46: 0 | O46: 12 | P46: 8 | Q46: 8 | R46: 8 | S46: 10 | T46: 9
A47: 李孟樺 | B47: 中山女中 | C47: 理組 | D47: {=_xlfn.XLOOKUP(A47,'[3]第一次落點分析 '!$B:$B,'[3]第一次落點分析 '!$C:$G,"")} -> 14 | E47: 13 | F47: 10 | G47: 12 | H47: 14 | I47: {=_xlfn.XLOOKUP(A47,[3]第二次落點分析!$B:$B,[3]第二次落點分析!$C:$H,"")} -> 15 | J47: 13 | K47: 8 | L47: 0 | M47: 12 | N47: 12 | O47: 13 | P47: 12 | Q47: 9 | R47: 8 | S47: 13 | T47: 13
A48: 方品云 | B48: 永平高中 | C48: 文組 | D48: {=_xlfn.XLOOKUP(A48,'[3]第一次落點分析 '!$B:$B,'[3]第一次落點分析 '!$C:$G,"")} -> 15 | E48: 8 | F48: 8 | G48: 0 | H48: 14 | I48: {=_xlfn.XLOOKUP(A48,[3]第二次落點分析!$B:$B,[3]第二次落點分析!$C:$H,"")} -> 13 | J48: 13 | K48: 3 | L48: 4 | M48: 0 | N48: 12 | O48: 13 | P48: 12 | Q48: 5 | R48: 6 | S48: 11
A49: 田嗣鴻 | B49: 成功高中 | C49: 理組 | D49: {=_xlfn.XLOOKUP(A49,'[3]第一次落點分析 '!$B:$B,'[3]第一次落點分析 '!$C:$G,"")} -> 10 | E49: 11 | F49: 6 | G49: 7 | H49: 9 | I49: {=_xlfn.XLOOKUP(A49,[3]第二次落點分析!$B:$B,[3]第二次落點分析!$C:$H,"")} -> 10 | J49: 12 | K49: 4 | L49: 0 | M49: 7 | N49: 0 | O49: 11 | P49: 11 | Q49: 6 | T49: 8
A50: 黃為心 | B50: 百齡高中 | C50: 理組 | D50: {=_xlfn.XLOOKUP(A50,'[3]第一次落點分析 '!$B:$B,'[3]第一次落點分析 '!$C:$G,"")} -> 12 | E50: 4 | F50: 5 | G50: 6 | H50: 9 | I50: {=_xlfn.XLOOKUP(A50,[3]第二次落點分析!$B:$B,[3]第二次落點分析!$C:$H,"")} -> 9 | J50: 4 | K50: 6 | L50: 0 | M50: 8 | N50: 10 | O50: 12 | P50: 4 | Q50: 7 | S50: 9 | T50: 11
A51: 鄭芷帆 | B51: 內湖高中 | C51: 文組 | D51: {=_xlfn.XLOOKUP(A51,'[3]第一次落點分析 '!$B:$B,'[3]第一次落點分析 '!$C:$G,"")} -> 11 | E51: 10 | F51: 5 | G51: 0 | H51: 11 | I51: {=_xlfn.XLOOKUP(A51,[3]第二次落點分析!$B:$B,[3]第二次落點分析!$C:$H,"")} -> 12 | J51: 10 | K51: 4 | L51: 6 | M51: 0 | N51: 11 | O51: 11 | P51: 9 | Q51: 5 | R51: 5 | S51: 10
A52: 游棨穎 | B52: 百齡高中 | C52: 文組 | D52: {=_xlfn.XLOOKUP(A52,'[3]第一次落點分析 '!$B:$B,'[3]第一次落點分析 '!$C:$G,"")} -> 11 | E52: 9 | F52: 7 | G52: 0 | H52: 11 | I52: {=_xlfn.XLOOKUP(A52,[3]第二次落點分析!$B:$B,[3]第二次落點分析!$C:$H,"")} -> 10 | J52: 8 | K52: 5 | L52: 12 | M52: 0 | N52: 13 | O52: 10 | P52: 10 | Q52: 8 | R52: 8 | S52: 11 | T52: 6
A53: 劉思妤 | B53: 中山女中 | C53: 理組 | D53: {=_xlfn.XLOOKUP(A53,'[3]第一次落點分析 '!$B:$B,'[3]第一次落點分析 '!$C:$G,"")} -> 12 | E53: 11 | F53: 11 | G53: 10 | H53: 0 | I53: {=_xlfn.XLOOKUP(A53,[3]第二次落點分析!$B:$B,[3]第二次落點分析!$C:$H,"")} -> 12 | J53: 12 | K53: 10 | L53: 11 | M53: 10 | N53: 0 | O53: 10 | P53: 11 | Q53: 10 | T53: 10
A54: 陳宥溱 | B54: 百齡高中 | C54: 理組 | D54: {=_xlfn.XLOOKUP(A54,'[3]第一次落點分析 '!$B:$B,'[3]第一次落點分析 '!$C:$G,"")} -> 11 | E54: 7 | F54: 7 | G54: 9 | H54: 7 | I54: {=_xlfn.XLOOKUP(A54,[3]第二次落點分析!$B:$B,[3]第二次落點分析!$C:$H,"")} -> 12 | J54: 5 | K54: 5 | L54: 11 | M54: 10 | N54: 7 | O54: 11 | P54: 6 | Q54: 8 | R54: 8 | S54: 9 | T54: 9
A55: 謝秉哲 | B55: 百齡高中 | C55: 文組 | D55: {=_xlfn.XLOOKUP(A55,'[3]第一次落點分析 '!$B:$B,'[3]第一次落點分析 '!$C:$G,"")} -> 11 | E55: 5 | F55: 7 | G55: 10 | H55: 11 | I55: {=_xlfn.XLOOKUP(A55,[3]第二次落點分析!$B:$B,[3]第二次落點分析!$C:$H,"")} -> 11 | J55: 4 | K55: 7 | L55: 8 | M55: 9 | N55: 12 | O55: 10 | P55: 6 | Q55: 6 | R55: 7 | S55: 12 | T55: 10
A56: 陳歆宜 | B56: 北一女中 | C56: 理組 | D56: {=_xlfn.XLOOKUP(A56,'[3]第一次落點分析 '!$B:$B,'[3]第一次落點分析 '!$C:$G,"")} -> 13 | E56: 14 | F56: 12 | G56: 11 | H56: 12 | I56: {=_xlfn.XLOOKUP(A56,[3]第二次落點分析!$B:$B,[3]第二次落點分析!$C:$H,"")} -> 14 | J56: 14 | K56: 9 | L56: 0 | M56: 11 | N56: 12 | O56: 15 | P56: 14 | Q56: 12 | R56: 11 | S56: 13 | T56: 12
A57: 李翊志 | B57: 百齡高中 | C57: 理組 | D57: {=_xlfn.XLOOKUP(A57,'[3]第一次落點分析 '!$B:$B,'[3]第一次落點分析 '!$C:$G,"")} -> 8 | E57: 4 | F57: 9 | G57: 10 | H57: 9 | I57: {=_xlfn.XLOOKUP(A57,[3]第二次落點分析!$B:$B,[3]第二次落點分析!$C:$H,"")} -> 9 | J57: 7 | K57: 7 | L57: 14 | M57: 7 | N57: 9 | O57: 7 | P57: 7 | Q57: 10 | R57: 11 | S57: 11 | T57: 10
A58: 廖昀恩 | B58: 復興高中 | C58: 理組 | D58: {=_xlfn.XLOOKUP(A58,'[3]第一次落點分析 '!$B:$B,'[3]第一次落點分析 '!$C:$G,"")} -> 8 | E58: 2 | F58: 7 | G58: 7 | H58: 9 | I58: {=_xlfn.XLOOKUP(A58,[3]第二次落點分析!$B:$B,[3]第二次落點分析!$C:$H,"")} -> 9 | J58: 3 | K58: 4 | L58: 7 | M58: 5 | N58: 8 | O58: 9 | P58: 3 | Q58: 5 | R58: 7 | S58: 8 | T58: 8
A59: 張程翔 | B59: 明倫高中 | C59: 文組 | D59: {=_xlfn.XLOOKUP(A59,'[3]第一次落點分析 '!$B:$B,'[3]第一次落點分析 '!$C:$G,"")} -> 11 | E59: 9 | F59: 8 | G59: 0 | H59: 13 | I59: {=_xlfn.XLOOKUP(A59,[3]第二次落點分析!$B:$B,[3]第二次落點分析!$C:$H,"")} -> 11 | J59: 7 | K59: 8 | L59: 9 | M59: 0 | N59: 14 | O59: 12 | P59: 9 | Q59: 9 | R59: 10 | S59: 13
A60: 邱毅杰 | B60: 新北高中 | C60: 文組 | D60: {=_xlfn.XLOOKUP(A60,'[3]第一次落點分析 '!$B:$B,'[3]第一次落點分析 '!$C:$G,"")} -> 12 | E60: 6 | F60: 7 | G60: 0 | H60: 10 | I60: {=_xlfn.XLOOKUP(A60,[3]第二次落點分析!$B:$B,[3]第二次落點分析!$C:$H,"")} -> 11 | J60: 7 | K60: 6 | L60: 10 | M60: 0 | N60: 12 | O60: 10 | P60: 10 | Q60: 7 | R60: 8 | S60: 11
A61: 張亦佐 | B61: 麗山高中 | C61: 理組 | D61: {=_xlfn.XLOOKUP(A61,'[3]第一次落點分析 '!$B:$B,'[3]第一次落點分析 '!$C:$G,"")} -> 12 | E61: 11 | F61: 10 | G61: 11 | H61: 14 | I61: {=_xlfn.XLOOKUP(A61,[3]第二次落點分析!$B:$B,[3]第二次落點分析!$C:$H,"")} -> 13 | J61: 11 | K61: 11 | L61: 0 | M61: 11 | N61: 14 | O61: 13 | P61: 10 | Q61: 10 | S61: 13 | T61: 11
A62: 林子宸 | B62: 師大附中 | C62: 文組 | D62: {=_xlfn.XLOOKUP(A62,'[3]第一次落點分析 '!$B:$B,'[3]第一次落點分析 '!$C:$G,"")} -> 12 | E62: 10 | F62: 10 | G62: 10 | H62: 13 | I62: {=_xlfn.XLOOKUP(A62,[3]第二次落點分析!$B:$B,[3]第二次落點分析!$C:$H,"")} -> 11 | J62: 11 | K62: 10 | L62: 13 | M62: 10 | N62: 14 | O62: 14 | P62: 13 | Q62: 10 | R62: 10 | S62: 14 | T62: 10
A63: 謝承恩 | B63: 陽明高中 | C63: 理組 | D63: {=_xlfn.XLOOKUP(A63,'[3]第一次落點分析 '!$B:$B,'[3]第一次落點分析 '!$C:$G,"")} -> 8 | E63: 6 | F63: 6 | G63: 8 | H63: 0 | I63: {=_xlfn.XLOOKUP(A63,[3]第二次落點分析!$B:$B,[3]第二次落點分析!$C:$H,"")} -> 11 | J63: 5 | K63: 7 | L63: 0 | M63: 9 | N63: 4 | O63: 8 | P63: 6 | Q63: 6 | R63: 9 | T63: 7
A64: 汪宗諺 | B64: 松山高中 | C64: 理組 | D64: {=_xlfn.XLOOKUP(A64,'[3]第一次落點分析 '!$B:$B,'[3]第一次落點分析 '!$C:$G,"")} -> 11 | E64: 14 | F64: 12 | G64: 10 | H64: 1 | I64: {=_xlfn.XLOOKUP(A64,[3]第二次落點分析!$B:$B,[3]第二次落點分析!$C:$H,"")} -> 0 | J64: 0 | K64: 0 | L64: 0 | M64: 0 | N64: 0 | O64: 10 | P64: 12 | Q64: 10 | T64: 11
A65: 王盛榮 | B65: 陽明高中 | C65: 理組 | D65: {=_xlfn.XLOOKUP(A65,'[3]第一次落點分析 '!$B:$B,'[3]第一次落點分析 '!$C:$G,"")} -> 11 | E65: 10 | F65: 8 | G65: 10 | H65: 0 | I65: {=_xlfn.XLOOKUP(A65,[3]第二次落點分析!$B:$B,[3]第二次落點分析!$C:$H,"")} -> 10 | J65: 9 | K65: 5 | L65: 6 | M65: 10 | N65: 6 | O65: 10 | P65: 10 | Q65: 9 | R65: 7 | S65: 7 | T65: 11
A66: 吳欣哲 | B66: 幼華高中 | C66: 理組 | D66: {=_xlfn.XLOOKUP(A66,'[3]第一次落點分析 '!$B:$B,'[3]第一次落點分析 '!$C:$G,"")} -> 0 | E66: 0 | F66: 0 | G66: 0 | H66: 0 | I66: {=_xlfn.XLOOKUP(A66,[3]第二次落點分析!$B:$B,[3]第二次落點分析!$C:$H,"")} -> 7 | J66: 4 | K66: 3 | L66: 3 | M66: 4 | N66: 8 | O66: 6 | P66: 5 | Q66: 4 | R66: 3 | S66: 9 | T66: 7
A67: 陳竑愷 | B67: 三民高中 | C67: 理組 | D67: {=_xlfn.XLOOKUP(A67,'[3]第一次落點分析 '!$B:$B,'[3]第一次落點分析 '!$C:$G,"")} -> 10 | E67: 7 | F67: 6 | G67: 7 | H67: 9 | I67: {=_xlfn.XLOOKUP(A67,[3]第二次落點分析!$B:$B,[3]第二次落點分析!$C:$H,"")} -> 10 | J67: 6 | K67: 4 | L67: 0 | M67: 8 | N67: 7 | O67: 10 | P67: 7 | Q67: 7 | R67: 5 | S67: 10 | T67: 8
A68: 王毓雯 | B68: 中正高中 | C68: 文組 | D68: {=_xlfn.XLOOKUP(A68,'[3]第一次落點分析 '!$B:$B,'[3]第一次落點分析 '!$C:$G,"")} -> 12 | E68: 5 | F68: 6 | G68: 7 | H68: 9 | I68: {=_xlfn.XLOOKUP(A68,[3]第二次落點分析!$B:$B,[3]第二次落點分析!$C:$H,"")} -> 11 | J68: 7 | K68: 4 | L68: 5 | M68: 6 | N68: 10 | O68: 12 | P68: 7 | Q68: 3 | R68: 6 | S68: 11 | T68: 7
A69: 羅雅柔 | B69: 復興高中 | C69: 理組 | D69: {=_xlfn.XLOOKUP(A69,'[3]第一次落點分析 '!$B:$B,'[3]第一次落點分析 '!$C:$G,"")} -> 0 | E69: 0 | F69: 0 | G69: 0 | H69: 0 | I69: {=_xlfn.XLOOKUP(A69,[3]第二次落點分析!$B:$B,[3]第二次落點分析!$C:$H,"")} -> 10 | J69: 5 | K69: 5 | L69: 5 | M69: 10 | N69: 8
A70: 孫苡宸 | B70: 復興高中 | C70: 理組 | D70: {=_xlfn.XLOOKUP(A70,'[3]第一次落點分析 '!$B:$B,'[3]第一次落點分析 '!$C:$G,"")} -> 12 | E70: 7 | F70: 6 | G70: 9 | H70: 10 | I70: {=_xlfn.XLOOKUP(A70,[3]第二次落點分析!$B:$B,[3]第二次落點分析!$C:$H,"")} -> 12 | J70: 7 | K70: 5 | L70: 7 | M70: 7 | N70: 8 | O70: 10 | P70: 6 | Q70: 8 | R70: 7 | S70: 8 | T70: 12
A71: 張庭瑄 | B71: 復興高中 | C71: 文組 | D71: {=_xlfn.XLOOKUP(A71,'[3]第一次落點分析 '!$B:$B,'[3]第一次落點分析 '!$C:$G,"")} -> 11 | E71: 8 | F71: 0 | G71: 0 | H71: 9 | I71: {=_xlfn.XLOOKUP(A71,[3]第二次落點分析!$B:$B,[3]第二次落點分析!$C:$H,"")} -> 0 | J71: 0 | K71: 0 | L71: 0 | M71: 0 | N71: 0 | O71: 10 | P71: 7 | R71: 3 | S71: 9
A72: 黃思瑗 | B72: 私大同高中 | C72: 文組 | D72: {=_xlfn.XLOOKUP(A72,'[3]第一次落點分析 '!$B:$B,'[3]第一次落點分析 '!$C:$G,"")} -> 9 | E72: 6 | F72: 6 | G72: 3 | H72: 7 | I72: {=_xlfn.XLOOKUP(A72,[3]第二次落點分析!$B:$B,[3]第二次落點分析!$C:$H,"")} -> 0 | J72: 0 | K72: 0 | L72: 0 | M72: 0 | N72: 0 | O72: 10 | P72: 4 | Q72: 2 | R72: 5 | S72: 8 | T72: 4
A73: 江謝睿恩 | B73: 百齡高中 | C73: 理組 | D73: {=_xlfn.XLOOKUP(A73,'[3]第一次落點分析 '!$B:$B,'[3]第一次落點分析 '!$C:$G,"")} -> 12 | E73: 9 | F73: 6 | G73: 7 | H73: 10 | I73: {=_xlfn.XLOOKUP(A73,[3]第二次落點分析!$B:$B,[3]第二次落點分析!$C:$H,"")} -> 12 | J73: 10 | K73: 3 | L73: 6 | M73: 9 | N73: 10 | O73: 14 | P73: 9 | Q73: 6 | R73: 6 | S73: 11 | T73: 9
A74: 李承縉 | B74: 復興高中 | C74: 理組 | D74: {=_xlfn.XLOOKUP(A74,'[3]第一次落點分析 '!$B:$B,'[3]第一次落點分析 '!$C:$G,"")} -> 8 | E74: 6 | F74: 6 | G74: 6 | H74: 7 | I74: {=_xlfn.XLOOKUP(A74,[3]第二次落點分析!$B:$B,[3]第二次落點分析!$C:$H,"")} -> 9 | J74: 6 | K74: 4 | L74: 8 | M74: 6 | N74: 7
A75: 徐孟鈞 | B75: 復興高中 | C75: 理組 | D75: {=_xlfn.XLOOKUP(A75,'[3]第一次落點分析 '!$B:$B,'[3]第一次落點分析 '!$C:$G,"")} -> 8 | E75: 5 | F75: 8 | G75: 10 | H75: 0 | I75: {=_xlfn.XLOOKUP(A75,[3]第二次落點分析!$B:$B,[3]第二次落點分析!$C:$H,"")} -> 0 | J75: 0 | K75: 0 | L75: 0 | M75: 0 | N75: 0
A76: 許乃元 | B76: 陽明高中 | C76: 文組 | D76: {=_xlfn.XLOOKUP(A76,'[3]第一次落點分析 '!$B:$B,'[3]第一次落點分析 '!$C:$G,"")} -> 8 | E76: 8 | F76: 5 | G76: 0 | H76: 12 | I76: {=_xlfn.XLOOKUP(A76,[3]第二次落點分析!$B:$B,[3]第二次落點分析!$C:$H,"")} -> 0 | J76: 7 | K76: 0 | L76: 5 | M76: 0 | N76: 0 | O76: 12 | P76: 6 | Q76: 4 | R76: 4 | S76: 13 | T76: 8
